utc,lat,lon,h,quality,E,N,U,est_E,est_N,est_U,err_2d,err_3d,err_h
1621218776.0,22.301199858333334,114.17905710833334,3.471,2,-3.5719279319274336e-10,1.6021275338297045e-10,-0.000999999770190411,3.2415451827642325,-1.4473406856655247,-2.5491217013527585,3.5499873570287868,4.369820870601022,2.548121701582568
1621218777.0,22.301199866666668,114.17905710000001,3.486,2,-0.000858689956202861,0.0009227864059200373,0.01400000062984029,3.2423570048296924,-1.4477613463214702,-2.548543725966974,3.552060494884859,4.379927409220655,2.5625437265968145
1621218778.0,22.301199891666666,114.1790570888889,3.481,2,-0.002003608038568313,0.0036911468771683798,0.009000000399498923,3.242364553757311,-1.4479716397565412,-2.5483639130507028,3.554328293133868,4.378739521961686,2.5573639134502018
1621218779.0,22.301199919444446,114.17905706666667,3.469,2,-0.004293446893765313,0.006767103338669999,-0.003000000198978398,3.241913313570115,-1.4476606842093447,-2.547918476252574,3.557136280896926,4.3737659483141265,2.5449184760535957
1621218780.0,22.30119995277778,114.1790570388889,3.458,2,-0.007155744026367166,0.01045825098852343,-0.014000000318923669,3.2424705994195953,-1.4472377173836724,-2.5478630006151284,3.5615935911086947,4.370973645824991,2.5338630002962046
1621218781.0,22.301199997222223,114.17905698611112,3.441,2,-0.012594110428047754,0.015379779819957418,-0.031000000194391256,3.2415462289494896,-1.4475319062014893,-2.5473065276387237,3.567848083854225,4.365929281323877,2.5163065274443324
1621218782.0,22.301200027777778,114.179056875,3.418,2,-0.024043303516248896,0.018763332066236253,-0.054000000632566776,3.2419778371177563,-1.4498493677470339,-2.548900790908704,3.5810218308635133,4.364429780216605,2.4949007902761373
1621218783.0,22.30119862777778,114.17905499722222,3.394,2,-0.21753464091116698,-0.13626485304574557,-0.07800000471434523,3.0226551896540657,-1.64173211619596,-2.522518328586095,3.5728506571805303,4.329079769911857,2.44451832387175
1621218784.0,22.30119312777778,114.179047975,3.374,2,-0.9411235852915791,-0.7453041259941817,-0.09800011206946174,2.208708066371854,-2.3372160434715914,-2.4372964316647274,3.52925246855866,4.234138667745702,2.339296319595266
1621218785.0,22.30118080277778,114.17903269444444,3.357,2,-2.5156739318312464,-2.1101056483588447,-0.11500084710830594,0.8229991121321567,-3.549540772663257,-2.2905432538617245,3.6357545532625153,4.23694417418398,2.1755424067534186
1621218786.0,22.301161802777777,114.17900870555556,3.358,3,-4.987555373117184,-4.2140589889535445,-0.11400334867996453,-1.6419667933244915,-5.625812164010669,-2.0404980117902602,3.6312546003445085,4.11064370379088,1.9264946631102957
1621218787.0,22.301138725,114.17897876388889,3.358,3,-8.072828399446344,-6.769561969697028,-0.11400871795398348,-4.713850792337523,-8.171316715920087,-1.7338332354494628,3.6397317117635715,3.983902408580918,1.6198245174954793
1621218788.0,22.301116494444447,114.17894925833333,3.359,3,-11.113164271479214,-9.231247707266085,-0.11301639251561513,-7.729515146737995,-10.634664887324636,-1.4370405561491495,3.6631490797735093,3.8950867983308135,1.3240241636335344
1621218789.0,22.301091522222222,114.17892130555556,3.371,3,-13.99349883026904,-11.996529868525856,-0.10102668442120333,-10.554478199282487,-13.484996990924175,-1.1301869129618638,3.7473186780432592,3.8860736033716274,1.0291602285406605
1621218790.0,22.30105871111111,114.17890365555556,3.351,3,-15.812207940235709,-15.629847323928335,-0.12103884232056483,-12.344717473953546,-17.192209977433638,-0.8442512899925461,3.8032180051669173,3.8713697110058507,0.7232124476719812
1621218791.0,22.301021975,114.17890795555556,3.31,2,-15.369127707239066,-19.697799440791798,-0.16204908621672054,-11.879804740043804,-21.267951272306632,-0.6583968432887874,3.826323502189241,3.8583821271818337,0.4963477570720669
1621218792.0,22.300990280555556,114.17893377222222,3.279,2,-12.708907531903307,-23.20746747807558,-0.19305509953019673,-9.311916186385949,-24.730913975431047,-0.5825236463204619,3.722961110705359,3.7432773315322763,0.3894685467902652
1621218793.0,22.3009601,114.17896831388889,3.24,2,-9.149636787083509,-26.549495937583835,-0.23206210753484946,-5.918813904127298,-27.892248846492535,-0.5806334371452126,3.4987428993020138,3.5160636864599875,0.3485713296103632
1621218794.0,22.3009244,114.17900559166667,3.212,2,-5.308427899224434,-30.502716113047185,-0.26007553036531483,-2.149818797709159,-31.866963919936,-0.5455847006283152,3.4406370826892037,3.4524627472400544,0.2855091702630004
1621218795.0,22.30088071388889,114.17904504166667,3.199,2,-1.2433849850989471,-35.340272697802874,-0.27309854586341586,1.83913465905876,-36.707954912137026,-0.4731997660304139,3.372311076402076,3.3782425156190974,0.20010122016699805
1621218796.0,22.300829575,114.17908523611112,3.17,2,2.8983703677953265,-41.0031070081402,-0.3021331521184454,5.915861249740436,-42.36992880794654,-0.39424927954987155,3.3126202702766476,3.3139007884939304,0.09211612743142616
1621218797.0,22.300774233333335,114.17912911666667,3.154,2,7.419956985170849,-47.131332159962945,-0.31817937253061856,10.38465910914142,-48.52000582593019,-0.3328590213619207,3.273816310428325,3.2738492217138435,0.014679648831302128
1621218798.0,22.30071691388889,114.17917936388889,3.143,2,12.597588221881065,-53.47856350026623,-0.3292378185393119,15.515718823164212,-54.903698313632795,-0.2888095387010967,3.2475368269527736,3.2477884611263037,0.040428279838215175
1621218799.0,22.300657594444445,114.179235575,3.135,2,18.38976162854361,-60.047261178539564,-0.33731065111370384,21.230177208031378,-61.52580112497313,-0.29673188012766394,3.2021931605380396,3.202450260980073,0.0405787709860399
1621218800.0,22.300595119444445,114.17929500833334,3.119,2,24.513968392154194,-66.96538460027296,-0.3534004856535873,27.29843283103048,-68.5214580518162,-0.32114077289713006,3.189765947207462,3.1899290724139067,0.032259712756457226
1621218801.0,22.30053020277778,114.17935721111111,3.102,2,30.923553543283322,-74.15388145091589,-0.37050827245111506,33.63896622545941,-75.77953362090963,-0.3813495794192314,3.16483980832018,3.1648583769680583,0.01084130696811636
1621218802.0,22.300463416666666,114.17942059444445,3.109,2,37.454793514074666,-81.54938739763557,-0.363634010265212,40.101777878581636,-83.23872980482398,-0.44972220814551855,3.140128022019084,3.1413078761057096,0.08608819788030653
1621218803.0,22.300396625,114.179484075,3.079,2,43.99605755288541,-88.94550519997694,-0.39377513427239563,46.573073450103635,-90.67009740884586,-0.5769550847710034,3.1008433081029514,3.106249203729721,0.1831799504986078
1621218804.0,22.300330388888888,114.17954580833334,3.077,2,50.35728813072059,-96.28010201962638,-0.3959292274635686,52.85270167080472,-98.0372715104606,-0.7004616323734809,3.0520048092284817,3.0671604687714003,0.3045324049099123
1621218805.0,22.300265883333335,114.17960657500001,3.081,2,56.61891543168733,-103.42306460232604,-0.3920941272027392,59.02912586382613,-105.21117768980815,-0.8520355519267369,3.0010769301728253,3.0361173980913008,0.4599414247239977
1621218806.0,22.30020353888889,114.17966625833334,3.086,2,62.76891712998786,-110.32671574384854,-0.387267951471145,65.10811815747545,-112.15493411692205,-1.0248665020940515,2.968879227358789,3.0365730319554234,0.6375985506229065
1621218807.0,22.300147366666668,114.17971929166667,3.108,2,68.23368223776153,-116.54689042638145,-0.3654352580167881,70.49958076914848,-118.40516642372421,-1.183644649926151,2.930441235862233,3.042524025517376,0.8182093919093629
1621218808.0,22.30010486666667,114.17975974722222,3.107,2,72.40238579367507,-121.25308352482666,-0.3665693896338311,74.59092982732147,-123.118690075171,-1.3431320073834585,2.875797765472565,3.03708533536399,0.9765626177496274
1621218809.0,22.300079094444445,114.17978387777778,3.124,2,74.888897161246,-124.1069436128588,-0.3496532692903642,76.99277451049804,-125.94209780051074,-1.4311948515879878,2.7917898905813443,2.9939644265406766,1.0815415822976235
1621218810.0,22.300070408333333,114.17979205555557,3.139,2,75.73156920268679,-125.0687911205541,-0.3346821009363552,77.77134984835847,-126.86080691156057,-1.463331573379086,2.715147450447832,2.940386931905156,1.1286494724427307
1621218811.0,22.300070291666668,114.17979225833334,3.158,2,75.75246443246554,-125.08171040650943,-0.3156826040244667,77.7844773885875,-126.87564857649032,-1.4645690626310257,2.7105886466894775,2.9440161185583573,1.148886458606559
1621218812.0,22.300070366666667,114.17979225833334,3.179,2,75.75246464143473,-125.07340574048838,-0.29468244135674126,77.78249059884779,-126.87470831273974,-1.4640855632933696,2.7139816404261414,2.955198809922152,1.1694031219366283
1621218813.0,22.300070419444445,114.17979225833334,3.199,2,75.75246485057609,-125.06756181887289,-0.27468232471198206,77.78257740835768,-126.8751367890367,-1.4644731109316695,2.71821343349363,2.967201776926957,1.1897907862196875
1621218814.0,22.300070452777778,114.17979226111112,3.22,2,75.75275131398357,-125.06387108484148,-0.2536822565782657,77.78381770651013,-126.87613992366327,-1.4650239642824239,2.7220486834396227,2.979412319206425,1.2113417077041582
1621218815.0,22.300070422222223,114.17979226944445,3.224,2,75.75361007269527,-125.06725471087329,-0.24968233196676692,77.78470810703851,-126.87644677859859,-1.464938776561985,2.7200248460323224,2.979158167866112,1.215256444595218
1621218816.0,22.300070416666667,114.17979226944445,3.225,2,75.75361008810731,-125.06786992152774,-0.24868234512737786,77.786039331097,-126.87800291130594,-1.465031660915705,2.721644735898315,2.9810829787950786,1.2163493157883272
1621218817.0,22.300070416666667,114.17979226944445,3.224,2,75.75361007619358,-125.06786990182137,-0.2496823446955787,77.78575430940717,-126.8774283200559,-1.464981845941202,2.721049770508928,2.9801115300126857,1.2152995012456234
1621218818.0,22.300070416666667,114.17979226944445,3.223,2,75.75361006427985,-125.06786988211499,-0.25068234426377956,77.7819971971999,-126.87548693198501,-1.4644512036696755,2.716953028665823,2.9757467304930163,1.213768859405896
1621218819.0,22.300070416666667,114.17979226944445,3.222,2,75.75361005232278,-125.06786986244467,-0.2516823449712149,77.78340625677095,-126.87581295917856,-1.4641475617847703,2.718222005764044,2.9763740985639964,1.2124652168135555
1621218820.0,22.300070416666667,114.17979226944445,3.22,2,75.75361002845197,-125.06786982306798,-0.25368234524685107,77.78382755888713,-126.87624046140932,-1.4644170935447165,2.718820991992906,2.976216762475002,1.2107347482978654
1621218821.0,22.300070416666667,114.17979226944445,3.219,2,75.75361001653825,-125.0678698033616,-0.2546823448150519,77.78537049415601,-126.87639274551911,-1.4644729174278193,2.7200746075649516,2.9769781827051323,1.2097905726127673
1621218822.0,22.300070416666667,114.17979226944445,3.217,2,75.75360999266744,-125.06786976355409,-0.2566823449139761,77.78288908778259,-126.8749839337233,-1.4637896804748811,2.717284539737743,2.973338761302302,1.207107335560905
1621218823.0,22.300070416666667,114.17979226944445,3.216,2,75.75360998113517,-125.06786974395612,-0.25768234544494817,77.78277597165017,-126.87453849264095,-1.465284855375265,2.716903860009977,2.973191955882955,1.207602509930317
1621218824.0,22.300070416666667,114.17979226944445,3.214,2,75.75360995726437,-125.06786970457944,-0.25968234572058435,77.78127506203373,-126.87405758529859,-1.4649798054591125,2.7154632086544748,2.9709396500111214,1.2052974597385282
1621218825.0,22.300070416666667,114.17979226944445,3.213,2,75.75360994577545,-125.06786968494544,-0.2606823451123219,77.78206519739062,-126.8747040230525,-1.4648636919452174,2.716483210544097,2.9714194838878356,1.2041813468328955
1621218826.0,22.300070416666667,114.17979226944445,3.211,2,75.75360992190465,-125.06786964556875,-0.2626823453879581,77.78171707628339,-126.87342934815405,-1.464567457919637,2.715375566886118,2.969476770908874,1.201885112531679
1621218827.0,22.300070416666667,114.17979226944445,3.21,2,75.75360990956611,-125.06786962579,-0.26368234513262223,77.78179030362439,-126.8740620665935,-1.4644334648865454,2.715851034953521,2.9694528276516556,1.2007511197539231
1621218828.0,22.300070416666667,114.17979226944445,3.208,2,75.75360988612012,-125.06786958648567,-0.2656823452317951,77.78184277967536,-126.87469137001916,-1.465140580479996,2.716308824112351,2.9693490340570188,1.1994582352482008
1621218829.0,22.300070416666667,114.17979226944445,3.206,2,75.75360986229266,-125.06786954707293,-0.2676823443681897,77.78176582543072,-126.87232902547451,-1.4643770175837059,2.714680574212331,2.966743797652265,1.1966946732155161
1621218830.0,22.300070416666667,114.17979226944445,3.205,2,75.7536098503356,-125.0678695274026,-0.26868234507563216,77.78321559466778,-126.8748921882257,-1.465114675953205,2.717467639946129,2.969188558600401,1.1964323308775728
1621218831.0,22.300070416666667,114.17979226944445,3.203,2,75.7536098268896,-125.0678694880983,-0.27068234517480505,77.77854283793329,-126.8714488979368,-1.4646586984468453,2.7116881064768235,2.9629093673247344,1.1939763532720402
1621218832.0,22.300070416666667,114.17979226944445,3.201,2,75.75360980306215,-125.06786944868554,-0.27268234431120675,77.78042013074365,-126.87203244794296,-1.4654250965773619,2.713478253512622,2.9640511981693822,1.1927427522661551
1621218833.0,22.300070416666667,114.17979226944445,3.199,2,75.75360977919134,-125.06786940930886,-0.2746823445868358,77.78177183265292,-126.87242629258215,-1.4654309573462392,2.714749870627225,2.9644137900871694,1.1907486127594034
1621218834.0,22.300070416666667,114.17979226944445,3.197,2,75.75360975532054,-125.06786936993217,-0.276682344862472,77.7822032537376,-126.8740206332934,-1.465108773323967,2.7161321705619113,2.9647481079894633,1.188426428461495
1621218835.0,22.300070416666667,114.17979226944445,3.195,2,75.75360973144974,-125.06786933012464,-0.2786823449614033,77.78246594171057,-126.87738702181433,-1.4650753464612858,2.7185679683340482,2.966165901034501,1.1863930014998825
1621218836.0,22.300070416666667,114.17979226944445,3.193,2,75.75360970800374,-125.06786929082031,-0.2806823450605762,77.7813127969694,-126.87349100425611,-1.4651078640274604,2.7151150231678454,2.9622142729741383,1.1844255189668842
1621218837.0,22.300070416666667,114.17979226944445,3.191,2,75.75360968413293,-125.06786925144362,-0.2826823453362124,77.78017087634223,-126.87226467556209,-1.465072932444785,2.713446721855516,2.9598717223608526,1.1823905871085727
1621218838.0,22.300070416666667,114.17979226944445,3.189,2,75.75360966068693,-125.06786921170847,-0.2846823452586804,77.77993047979676,-126.87174790596777,-1.4643788944866667,2.7129235900704143,2.958316810928296,1.1796965492279863
1621218839.0,22.30007041388889,114.17979226944445,3.188,2,75.75360965028828,-125.0681767876734,-0.2856823519374885,77.77958787324116,-126.87124264533946,-1.4649738889786945,2.7121272549348343,2.957425024628244,1.179291537041206
1621218840.0,22.30007039722222,114.17979228611111,3.191,2,75.75532708723968,-125.07002241194516,-0.2826824089451634,77.77860284431296,-126.87064266538897,-1.465170172115015,2.7084826169411724,2.95536045116648,1.1824877631698516
1621218841.0,22.30007039722222,114.17979230833333,3.331,2,75.75761860669165,-125.07002516092598,-0.1426824346596689,77.78065760770751,-126.8720510643075,-1.465238428094191,2.709240512780146,3.0148198141611724,1.3225559934345221
1621218842.0,22.30007039722222,114.17979233055556,3.415,2,75.75990946044004,-125.07002680553131,-0.05868246273195865,77.78064152171646,-126.8716242583503,-1.465014857264754,2.707233171611616,3.050718316952031,1.4063323945327952
1621218843.0,22.30007039722222,114.17979235555556,3.46,2,75.76248608468106,-125.07002768034987,-0.013682492935721768,77.78155962896795,-126.87319209628006,-1.4646197062800597,2.707038952086974,3.0713643035601583,1.450937213344338
1621218844.0,22.300070383333335,114.17979239722223,3.483,2,75.76677984641984,-125.07156609032205,0.009317424794176077,77.78049351724029,-126.8717433602986,-1.4654885611817074,2.7010518231587812,3.0774557101052933,1.4748059859758835
1621218845.0,22.300069961111113,114.17979282222223,3.487,2,75.81057363110537,-125.11832048181523,0.013315983049082547,77.82301607947325,-126.92244573627048,-1.4687725107781717,2.702737971346112,3.0824306716114855,1.4820884938272543
1621218846.0,22.300067083333335,114.1797954888889,3.486,2,76.08535798796282,-125.43698813012195,0.012306420512139482,78.10521363282336,-127.26183001416727,-1.4820820024540753,2.722106670915211,3.1053279193245507,1.4943884229662148
1621218847.0,22.30006053888889,114.17980151111112,3.479,2,76.70591266848707,-126.16168010407523,0.0052846236863715035,78.75089292560571,-128.03313411821756,-1.507246033296898,2.7720541803966334,3.1578526513073233,1.5125306569832695
1621218848.0,22.300049255555557,114.17981188888889,3.474,2,77.77528202424453,-127.41112789200997,0.00024671056014824444,79.8248820599612,-129.30560471444494,-1.5386290566229186,2.791039723320513,3.1871682359072793,1.5388757671830668
1621218849.0,22.30003690277778,114.1798229638889,3.464,2,78.91649636192842,-128.77899943048402,-0.009794917705754358,80.94687031331233,-130.69148205051914,-1.5899375660148218,2.7892665979419577,3.205754036634735,1.5801426483090675
1621218850.0,22.300026033333335,114.17983197222223,3.456,2,79.84475333523474,-129.98261598229286,-0.01783100993716147,81.84258439587347,-131.8911018546742,-1.6204631605314965,2.762905585055707,3.1940690477900824,1.602632150594335
1621218851.0,22.300020236111113,114.17983649444444,3.445,2,80.31074250069287,-130.62456530367552,-0.028850040703808588,82.26970499117922,-132.4950374217833,-1.6388730806631562,2.7085420402406775,3.1509322704480764,1.6100230399593476
1621218852.0,22.30001902777778,114.179837475,3.431,2,80.41178297960835,-130.7583685633303,-0.04285407056067925,82.34331384310036,-132.59985043790923,-1.6453327784456175,2.6686826283814535,3.1128451584120795,1.6024787078849383
1621218853.0,22.300018922222222,114.1798376388889,3.412,2,80.42867050098192,-130.77005671703756,-0.061854524419821644,82.36105347612536,-132.63064908379025,-1.6489658502909739,2.682518950136712,3.1168622488892663,1.5871113258711522
1621218854.0,22.300016483333334,114.17983950833334,3.394,2,80.62130593945909,-131.0401242519922,-0.07986252664633042,82.5689232345058,-132.94327718459007,-1.653936382972985,2.723087257658284,3.145300099830218,1.5740738563266545
1621218855.0,22.30001028611111,114.17984368333333,3.371,2,81.05151621538828,-131.72636723935082,-0.10288218726189768,83.05071982162704,-133.74994509299074,-1.6759043097713073,2.8445882635172413,3.2505508743663807,1.5730221225094096
1621218856.0,22.29999308888889,114.17985124444445,3.363,2,81.83065020437071,-133.63068710933123,-0.11093195456461302,83.86762924089102,-135.9749769667244,-1.6683274344181775,3.105636574150244,3.4742566415519707,1.5573954798535645
1621218857.0,22.29996399166667,114.1798519138889,3.383,2,81.8996493928587,-136.85275066415318,-0.09100151937295209,83.70028386699639,-139.21157622870234,-1.55124855153134,2.967548239443424,3.3073651065993825,1.4602470321583878
1621218858.0,22.29992798611111,114.17983722777778,3.377,2,80.38635972018591,-140.83981206370873,-0.09706953049036571,81.9590681339206,-143.14925955233292,-1.32526896100854,2.7940936736882036,3.052119476440857,1.2281994305181743
1621218859.0,22.2998924,114.17980594444445,3.309,2,77.16282940104395,-144.78043352236034,-0.1651184351757351,78.51673053488383,-146.9941432597497,-1.0969452235133623,2.5949102261206294,2.757147120682723,0.9318267883376272
1621218860.0,22.29985878888889,114.17976316944446,3.231,2,72.75515245886209,-148.50235912502504,-0.2431526840745093,74.02236413150835,-150.65242158008243,-0.7879026897816577,2.4957151247565066,2.5544757882305955,0.5447500057071484
1621218861.0,22.299822747222223,114.1797129,3.179,2,67.5752194636685,-152.4934334704306,-0.29519039826355,68.75179157793634,-154.62471128743167,-0.41312181498443756,2.4344747017197603,2.437329459134179,0.11793141672088758
1621218862.0,22.299782455555558,114.17965710833334,3.132,2,61.826255300526896,-156.95512958104308,-0.3422409138075011,62.91795595471127,-159.0666322244217,-0.004892677570730974,2.377026236990564,2.400845176981136,0.3373482362367701
1621218863.0,22.299737194444447,114.17959827222222,3.085,2,55.76357880728428,-161.96711302180188,-0.3893110222959635,56.77719947991802,-164.05485495021713,0.4413756434661553,2.3207958177430243,2.464981453140875,0.8306866657621188
1621218864.0,22.299687530555556,114.179535875,3.069,2,49.33394977885951,-167.46663490394127,-0.40540085071645393,50.233719391152945,-169.5277453674727,0.9112193994329907,2.248946797522218,2.606002797617268,1.3166202501494446
1621218865.0,22.299634319444447,114.17946950277778,3.036,2,42.49471783969352,-173.35895421998777,-0.43850990599575823,43.31657972921918,-175.35489896976344,1.365190124209677,2.1585301502670196,2.8129319594641546,1.8037000302054351
1621218866.0,22.299577958333334,114.17940058611111,3.001,2,35.39329208327744,-179.6000843000224,-0.4736401679458808,36.13098207348845,-181.54324729618267,1.8158676022331428,2.078477556122299,3.0922345934638025,2.2895077701790236
1621218867.0,22.299520033333334,114.17933132222223,2.958,2,28.256081836887397,-186.01438713605347,-0.5167893885810741,28.962018176620138,-187.85525457286224,2.2363656383027473,1.9715828756758187,3.386296153279241,2.7531550268838214
1621218868.0,22.299462561111113,114.17926378333334,2.909,2,21.29661659779232,-192.37854807119987,-0.5659521459823935,22.88541470103529,-193.30066870476062,2.5679426788160282,1.8370045932732308,3.6326137488873322,3.1338948247984217
1621218869.0,22.299407330555557,114.17919849444445,2.853,2,14.568994594427824,-198.49447573649198,-0.6221216312529378,15.648960246874625,-199.7334014427814,2.920981241530836,1.6435518598966037,3.905744574763974,3.543102872783774
1621218870.0,22.29935396666667,114.17913526666668,2.795,3,8.053752584993635,-204.40369598795556,-0.6802977066851525,9.121021178828066,-205.53849698345837,3.2277558409486296,1.5578303985927038,4.207103288719269,3.908053547633782
1621218871.0,22.29930167777778,114.17907339444444,2.745,3,1.6781877451095752,-210.1938741547141,-0.7304820292482503,2.712047304894414,-211.22655139726672,3.5144214120457637,1.4612624256595936,4.489375580473784,4.244903441294014
1621218872.0,22.299250997222224,114.17901155277778,2.72,3,-4.694233132379235,-215.80595263724905,-0.7556719427386298,-3.71462654260141,-216.76480927240647,3.787684511549869,1.3707790184860376,4.745642526386338,4.543356454288499
1621218873.0,22.29919889166667,114.17894808333334,2.683,3,-11.234391674697967,-221.57582438072268,-0.7928789853154257,-10.31527219467145,-222.49188702060502,4.0411396949784955,1.2976715219008306,5.005166129129282,4.834018680293921
1621218874.0,22.299145530555556,114.178884225,2.692,3,-17.814628030514655,-227.48472803806663,-0.7841030738265999,-16.92763874766986,-228.31072155651873,4.324297600902273,1.2120294057515242,5.25021644639312,5.108400674728873
1621218875.0,22.299091622222225,114.17881797777778,2.676,3,-24.64103068501521,-233.45422389301348,-0.8003426272500036,-23.803551217309952,-234.1996323883963,4.560876600704601,1.1211626482436794,5.477196116080467,5.361219227954605
1621218876.0,22.299037375,114.1787477,2.69,3,-31.882764535992983,-239.4612436212947,-0.7865985742906503,-31.096132195666335,-240.1426055415437,4.809457720322628,1.0406942419429388,5.692002332896051,5.596056294613279
1621218877.0,22.298982308333336,114.17867396111112,2.696,3,-39.48115209278941,-245.5589994223378,-0.7808741377519937,-38.71518162110161,-246.15645673687322,5.036398969092856,0.9714247300689454,5.8978243790240015,5.8172731068448496
1621218878.0,22.29892535,114.17859877500001,2.695,3,-47.228674320079804,-251.86622328037188,-0.7821740220487925,-46.541396834537245,-252.45709752713273,5.262578095071337,0.906356837905966,6.112324506687059,6.0447521171201295
1621218879.0,22.29886527777778,114.17852379444444,2.695,2,-54.95502269956089,-258.5182578872159,-0.782503441930487,-54.29447254076784,-259.06100097624187,5.447641114056649,0.8549248931730683,6.288529061828619,6.2301445559871365
1621218880.0,22.298803705555557,114.1784480638889,2.724,2,-62.75866198868472,-265.3363910698034,-0.7538568932759802,-62.13759208421861,-265.79892576267105,5.651053015203702,0.7743811518494551,6.451553076901786,6.404909908479683
1621218881.0,22.29874203055556,114.17837261666668,2.738,2,-70.53311212912274,-272.16590087020325,-0.7402273816112768,-69.91277465782834,-272.5546426637113,5.804505567751253,0.7320783839943725,6.585549949608109,6.54473294936253
1621218882.0,22.298680891666667,114.17829967777779,2.722,2,-78.04909835487746,-278.9360408165895,-0.7566089167897729,-77.46238062922389,-279.282970776031,5.897378745880387,0.6816143237595274,6.688807808669707,6.6539876626701595
1621218883.0,22.298621008333335,114.17822881666667,2.712,3,-85.35098661330998,-285.56714533691036,-0.766997399279532,-84.79191020392668,-285.84967192226463,5.970906757026977,0.6264085751016504,6.766959444428008,6.737904156306509
1621218884.0,22.29856361666667,114.17815936666668,2.724,3,-92.50747230252307,-291.9223350980273,-0.7553863585741993,-92.00044039035734,-292.16405447470584,6.043305667955012,0.5617024274616352,6.821856264141614,6.798692026529212
1621218885.0,22.29850733611111,114.17809244166668,2.723,3,-99.40377503773252,-298.1544844105578,-0.756779869355924,-98.92241768645384,-298.36793476014793,6.080067529829176,0.5265604916533002,6.857094742754706,6.8368473991851
1621218886.0,22.298451636111114,114.17802860833334,2.729,2,-105.98150302234315,-304.322345675874,-0.7511785709083796,-105.48646041284495,-304.4800057692196,6.094031006889972,0.519542000470158,6.864897526856088,6.845209577798352
1621218887.0,22.298393888888892,114.17796955555556,2.713,2,-112.06662623273048,-310.71690446968455,-0.7675924760102504,-111.56713006935459,-310.8524563244771,6.046720762711175,0.517562288584607,6.833939979102759,6.814313238721425
1621218888.0,22.298332575000003,114.17791283055556,2.636,2,-117.91189085842854,-317.506412147828,-0.8450339465615002,-117.01335319214813,-317.13863341441004,5.916915562720053,0.9708919272911565,6.831295067595322,6.761949509281553
1621218889.0,22.298270233333334,114.17785473055557,2.564,2,-123.89884812376698,-324.4097268617016,-0.917496602830056,-123.0086900745488,-323.98696006437785,5.7590211126211805,0.9854507179495545,6.748851896600006,6.6765177154512365
1621218890.0,22.298209391666667,114.17779407500001,2.549,3,-130.14914731578855,-331.1469382917879,-0.932969080981394,-129.2730406954543,-330.62733469277464,5.6164756944146745,1.0186023317767317,6.628180563040197,6.5494447753960685
1621218891.0,22.298150969444446,114.17773103055556,2.543,3,-136.64561265954552,-337.6162298108756,-0.939445841097438,-135.83269841859519,-337.05978153727006,5.491865132781115,0.9851214363409517,6.506321932326217,6.431310973878553
1621218892.0,22.298095297222225,114.177664125,2.552,3,-143.53994907208443,-343.7809962119113,-0.9309282384577529,-142.7804088897017,-343.1792406651639,5.361011422114672,0.9690258132244324,6.3661225026682855,6.2919396605724245
1621218893.0,22.29804041666667,114.17759524722223,2.555,3,-150.63751766847298,-349.8580925334336,-0.9284240360318137,-149.90478312380435,-349.181869049983,5.187159155406821,0.9970848070855398,6.1963324542770915,6.115583191438635
1621218894.0,22.297984519444444,114.17752636944445,2.577,3,-157.73509342614264,-356.0477665802043,-0.9069398665514115,-157.07119458149378,-355.37169180822616,5.015035174693622,0.9475435468786713,5.997301656775365,5.921975041245034
1621218895.0,22.297928772222225,114.17745624166668,2.596,3,-164.96148101214945,-362.220825699323,-0.8884720076743662,-164.3707053788776,-361.51979745344954,4.790736484204544,0.916764119269581,5.752726792105606,5.67920849187891
1621218896.0,22.297876319444445,114.17738279444445,2.642,3,-172.52992371256965,-368.02907103739426,-0.8430064057509128,-171.9517407348521,-367.2390966497509,4.6051486649050055,0.9789561220273697,5.535408635572324,5.448155070655918
1621218897.0,22.29782428888889,114.17730882500001,2.604,3,-180.15218174594037,-373.79055266049994,-0.8815538616436527,-179.61133536452962,-372.9322488879087,4.284779459557168,1.0144950341571075,5.264997641032647,5.1663333212008204
1621218898.0,22.297769919444445,114.17723581666667,2.583,3,-187.67541104826117,-379.81102801331053,-0.90312824132468,-187.16413190818312,-378.9177321249151,3.9540209285397556,1.0292637676043483,4.965005736312685,4.857149169864435
1621218899.0,22.29771191388889,114.1771645138889,2.534,3,-195.02290088529423,-386.23414257100706,-0.9527363265159465,-194.56554226148796,-385.33202220732073,3.531768064214756,1.0114336663110974,4.597148865528553,4.484504390730702
1621218900.0,22.297651283333334,114.17709297777779,2.433,2,-202.39444271363124,-392.9479276596811,-1.0543781333687434,-201.97944705732647,-392.0094541948266,3.029555529636579,1.0261353901838826,4.210874968794003,4.083933663005322
1621218901.0,22.297588861111112,114.17702148055557,2.391,2,-209.7619879631784,-399.86011180861317,-1.0970479318048092,-209.35189232571568,-398.86746817708206,2.5607829734818073,1.0740203960285024,3.8122495645950476,3.6578309052866165
1621218902.0,22.29752614166667,114.17694856944445,2.367,2,-217.27523547972157,-406.80520415384143,-1.1217408338070243,-216.9216218431769,-405.7667233361685,2.0603001189574504,1.0970346451342996,3.365838623240155,3.1820409527644746
1621218903.0,22.297463119444448,114.1768752888889,2.306,2,-224.82655839470425,-413.78381770101555,-1.1834537119887614,-224.50079031075555,-412.6705846694447,1.49871352689587,1.1599192330072303,2.9222309498816292,2.6821672388846314
1621218904.0,22.297400850000002,114.17680183611111,2.356,2,-232.3956374584759,-420.6790761346862,-1.134178322050559,-232.1048373614247,-419.5080092284793,1.038641150118679,1.2066326679060464,2.4853786137922467,2.172819472169238
1621218905.0,22.297340180555558,114.17672973333333,2.359,2,-239.8256073739209,-427.3971549614778,-1.1319022361489317,-239.57200950834306,-426.16019136584805,0.501218854010681,1.2626918920856607,2.0643341080026234,1.6331210901596127
1621218906.0,22.297281627777778,114.17665868055556,2.394,2,-247.1473833659415,-433.8808464026688,-1.0976216892518948,-246.91990032160157,-432.5704868329682,-0.01664592808066301,1.3299589231882771,1.7138551086973035,1.0809757611712318
1621218907.0,22.297227625,114.17658870555556,2.394,2,-254.35809562441705,-439.8606925316761,-1.0983167922508983,-254.1535852539648,-438.4613122753186,-0.590132292929709,1.414245238106033,1.5027777875840187,0.5081844993211893
1621218908.0,22.297182630555557,114.17651799444445,2.444,2,-261.64465175699024,-444.843005607364,-1.0489587688015263,-261.43307526896274,-443.3235125207249,-1.0510686211133797,1.534152486107583,1.534153936900354,0.002109852311853455
1621218909.0,22.2971505,114.17644559166668,2.42,2,-269.10550387014683,-448.4008327376174,-1.0735194926412532,-268.83398920775824,-446.7426077798166,-1.5330821050805237,1.680306585884119,1.742018374563699,0.45956261243927043
1621218910.0,22.29713061111111,114.17637125277778,2.399,2,-276.76584328515725,-450.60307996916555,-1.0950031615840032,-276.46449639816046,-448.86116935392647,-1.9309386319607778,1.7677846412346825,1.9554668620100097,0.8359354703767745
1621218911.0,22.29712290277778,114.17629705833333,2.33,2,-284.4112736473779,-451.4565144253929,-1.164400009864977,-284.0314950675138,-449.62099016902823,-2.3091367970984247,1.874401521933542,2.19631586468621,1.1447367872334477
1621218912.0,22.297124902777778,114.17622771388889,2.316,2,-291.5569154030674,-451.23491247745915,-1.178706729255282,-290.6198455492531,-449.38539573047774,-2.5561534978042455,2.073357689423669,2.489211061456669,1.3774467685489635
1621218913.0,22.297130330555557,114.17616769166668,2.3,2,-297.74193472188813,-450.63375279593663,-1.1949495923205973,-296.794829476828,-448.816672362697,-2.7710147684557422,2.049094835795262,2.585105623665833,1.576065176135145
1621218914.0,22.29713551111111,114.17611931944445,2.289,2,-302.72647206235354,-450.05999040863384,-1.2061433878409673,-301.7506839513035,-448.2394430765022,-2.954333584203219,2.0655640939458357,2.7060532124951586,1.7481901963622515
1621218915.0,22.29713906666667,114.17608688888889,2.31,2,-306.0682941753498,-449.6662044046406,-1.1852748769850905,-305.07940369313667,-447.85252200433615,-3.0643917638372,2.0657560928110312,2.792566652640302,1.8791168868521093
1621218916.0,22.297140669444445,114.17607163055555,2.326,2,-307.64059683081683,-449.4886919822763,-1.169337906721637,-306.661022568044,-447.66758042188803,-3.134926668647253,2.0678522799432915,2.8529900512751434,1.9655887619256158
1621218917.0,22.29714088888889,114.17606895277778,2.368,2,-307.9165318166087,-449.46438946268665,-1.127349493445621,-306.931901255291,-447.6368108197362,-3.1273572850683347,2.075943409259877,2.8826328599044806,2.0000077916227137
1621218918.0,22.297140841666668,114.1760689888889,2.4,2,-307.9128123693591,-449.46962092491174,-1.0953496845852726,-306.9395140587234,-447.636149366689,-3.128300961796263,2.075795644156255,2.9054807608745024,2.0329512772109903
1621218919.0,22.2971408,114.17606901111111,2.439,2,-307.91052443875884,-449.4742376641359,-1.0563499007862163,-306.9415676630292,-447.63677297829815,-3.1286628207690366,2.0772948045314004,2.9342178759016635,2.0723129199828203
1621218920.0,22.297140761111113,114.17606902777779,2.508,2,-307.90881042540514,-449.47854892161354,-0.9873501235028641,-306.9449379701125,-447.63572411654695,-3.128933791599209,2.079676266210811,2.985202502293192,2.1415836680963447
1621218921.0,22.297140716666668,114.17606903611112,2.652,2,-307.90795875724086,-449.4834806670334,-0.8433504320314853,-306.9437258376586,-447.6339255131044,-3.1283564904896646,2.085809049417426,3.093840991037227,2.2850060584581793
1621218922.0,22.29714063888889,114.17606903333333,2.968,2,-307.9082604141915,-449.4921157206463,-0.5273510560015211,-306.94488966335416,-447.63521706068195,-3.129082730536289,2.091926345965928,3.338437290593287,2.601731674534768
1621218923.0,22.297140444444445,114.17606901666667,3.084,2,-307.9099838641206,-449.5136555857368,-0.41135266528408465,-306.94687445605985,-447.63576421899256,-3.129432637236469,2.1104633892080678,3.441222813349388,2.7180799719523843
1621218924.0,22.29714044166667,114.17606901666667,3.085,2,-307.9099839187999,-449.51396325127905,-0.4103526867298797,-306.94683929978316,-447.6352100650738,-3.1288760112664273,2.111246336128804,3.4420531892849278,2.7185233245365477
1621218925.0,22.29714044166667,114.17606901666667,3.085,2,-307.9099839187999,-449.51396325127905,-0.4103526867298797,-306.945727428656,-447.63438548501017,-3.1287818448419027,2.11248743386486,3.4427402234136952,2.718429158112023
1621218926.0,22.29714044166667,114.17606901666667,3.085,2,-307.9099839187999,-449.51396325127905,-0.4103526867298797,-306.94799017515754,-447.63477092119797,-3.1291950653819494,2.1111124499283904,3.442223068918848,2.7188423786520697
1621218927.0,22.29714044166667,114.17606901666667,3.084,2,-307.90998386987934,-449.5139631802157,-0.41135268757301446,-306.9463404579783,-447.634739882115,-3.1291789779958914,2.1118922390653943,3.441898977939129,2.717826290422877
1621218928.0,22.29714044166667,114.17606901666667,3.084,2,-307.90998386987934,-449.5139631802157,-0.41135268757301446,-306.94610593548543,-447.63428995950505,-3.1287357096285784,2.1123996044944082,3.4418603367399965,2.717383022055564
1621218929.0,22.29714044166667,114.17606901666667,3.084,2,-307.90998386987934,-449.5139631802157,-0.41135268757301446,-306.9467836964325,-447.6348000834497,-3.1289010778841084,2.1116364550687154,3.441522595023544,2.717548390311094
1621218930.0,22.29714044166667,114.17606901666667,3.084,2,-307.90998386987934,-449.5139631802157,-0.41135268757301446,-306.94599189055634,-447.63533396669663,-3.1293190146415593,2.1115227344469365,3.4417828538658193,2.717966327068545
1621218931.0,22.29714044166667,114.17606901666667,3.084,2,-307.90998386987934,-449.5139631802157,-0.41135268757301446,-306.942983028448,-447.6355812071854,-3.129129449471342,2.112678267965588,3.4423422246268074,2.7177767618983277
1621218932.0,22.29714044166667,114.17606901666667,3.084,2,-307.90998386987934,-449.5139631802157,-0.41135268757301446,-306.94676021045825,-447.6344587025202,-3.128982468731287,2.1119509700146817,3.4417798487387765,2.7176297811582724
1621218933.0,22.29714044166667,114.17606901666667,3.084,2,-307.90998386987934,-449.5139631802157,-0.41135268757301446,-306.94738413487664,-447.6359229431466,-3.130047432443518,2.1103633293529502,3.4416470617517074,2.7186947448705037
1621218934.0,22.29714044166667,114.17606901666667,3.084,2,-307.90998386987934,-449.5139631802157,-0.41135268757301446,-306.94541403853907,-447.63408521884696,-3.129656508129052,2.1128975623942616,3.4428929361833434,2.7183038205560375
1621218935.0,22.29714044166667,114.17606901666667,3.084,2,-307.90998386987934,-449.5139631802157,-0.41135268757301446,-306.94778986118445,-447.6348662378009,-3.129100075607027,2.1111188098638385,3.441362156839441,2.7177473880340126
1621218936.0,22.29714044166667,114.17606901666667,3.084,2,-307.90998386987934,-449.5139631802157,-0.41135268757301446,-306.9465767060211,-447.63426276815335,-3.1292956361711854,2.1122090338033903,3.4421854793597584,2.717942948598171
1621218937.0,22.29714044166667,114.17606901666667,3.084,2,-307.90998386987934,-449.5139631802157,-0.41135268757301446,-306.94642768827396,-447.6335145914229,-3.1295950544255215,2.1129428317402916,3.4428721984927937,2.718242366852507
1621218938.0,22.29714044166667,114.17606901666667,3.084,3,-307.90998386987934,-449.5139631802157,-0.41135268757301446,-306.94753402014567,-447.6343335007613,-3.129779305030254,2.111709602463904,3.4422609894716394,2.7184266174572396
1621218939.0,22.297140438888892,114.17606901666667,3.085,3,-307.90998392451525,-449.51427084744523,-0.4103527085864016,-306.9453615373211,-447.6340328833302,-3.129347856843942,2.1132418582773824,3.443650064658674,2.7189951482575405
1621218940.0,22.297140438888892,114.17606901666667,3.085,3,-307.90998392451525,-449.51427084744523,-0.4103527085864016,-306.94594332213353,-447.63358523720706,-3.1295651777596514,2.113374705914082,3.443903178096724,2.7192124691732498
1621218941.0,22.297140438888892,114.17606901666667,3.085,3,-307.90998392451525,-449.51427084744523,-0.4103527085864016,-306.9459968656222,-447.6344997188934,-3.1296873675313814,2.112536519317567,3.4434853757188795,2.71933465894498
1621218942.0,22.297140438888892,114.17606901666667,3.086,3,-307.9099839726729,-449.5142709178638,-0.4093527093154421,-306.94818255378925,-447.6339672508799,-3.130073757297232,2.1120141688539364,3.4442599887887257,2.72072104798179
1621218943.0,22.297140438888892,114.17606901666667,3.087,3,-307.90998402121204,-449.5142709886048,-0.40835270925839495,-306.9480358440053,-447.6346387488703,-3.129573860619707,2.111483282500854,3.4443295729207977,2.7212211513613123
1621218944.0,22.297140438888892,114.17606901666667,3.088,3,-307.90998406932636,-449.51427105941815,-0.407352709024849,-306.94622399109153,-447.6332574286155,-3.129504165766441,2.1135386837398182,3.4463247556063275,2.722151456741592
1621218945.0,22.297140438888892,114.17606901666667,3.089,3,-307.909984117484,-449.5142711302676,-0.4063527099305304,-306.94885121939524,-447.6349534848316,-3.1303813315158346,2.11083188819849,3.446149037904707,2.7240286215853042
1621218946.0,22.297140438888892,114.17606901666667,3.09,3,-307.9099841655983,-449.5142712010809,-0.4053527096970413,-306.94821475059496,-447.63564025482503,-3.130299640376108,2.1105105164073428,3.446678171063155,2.724946930679067
1621218947.0,22.297140438888892,114.17606901666667,3.091,3,-307.9099842140941,-449.5142712722166,-0.4043527086774077,-306.94824642665924,-447.6349595055831,-3.130545689347968,2.1111021500598444,3.4480255880495916,2.7261929806705605
1621218948.0,22.297140436111114,114.17606901666667,3.093,3,-307.9099843164629,-449.5145790095063,-0.40235273006666716,-306.9466299345719,-447.6334839405921,-3.130161596534776,2.1134262048630643,3.450726233039058,2.727808866468109
1621218949.0,22.297140436111114,114.17606901666667,3.094,3,-307.9099843646639,-449.51457907996087,-0.40135273193493504,-306.94604869749946,-447.63434930778374,-3.130433149640694,2.1129211927123572,3.451422299997213,2.729080417705759
1621218950.0,22.297140436111114,114.17606901666667,3.096,3,-307.9099844616988,-449.5145792218376,-0.3993527308582827,-306.9473568277517,-447.6342930861756,-3.1300097817466717,2.1123749462634005,3.452334839375778,2.730657050888389
1621218951.0,22.297140436111114,114.17606901666667,3.099,3,-307.90998460604175,-449.51457943427766,-0.39635273015770167,-306.9431219740969,-447.6334698776634,-3.1292993781519622,2.1150405464285487,3.455776887158637,2.7329466479942606
1621218952.0,22.297140433333336,114.17606901666667,3.101,3,-307.90998470845386,-449.5148871716034,-0.39435275268621695,-306.9483725190937,-447.6337800437485,-3.1311000714173143,2.1126433748251134,3.4573180235226113,2.7367473187310973
1621218953.0,22.297140433333336,114.17606901666667,3.104,3,-307.9099848536464,-449.51488738389867,-0.3913527523385767,-306.9474914139025,-447.6360987340705,-3.129511146361636,2.1109809123421917,3.4574198187422964,2.7381583940230594
1621218954.0,22.297140433333336,114.17606901666667,3.108,3,-307.909985046147,-449.5148876671881,-0.3873527525437055,-306.94359652653554,-447.63298694876846,-3.1295507775660307,2.1155276138176835,3.4633953128774486,2.7421980250223252
1621218955.0,22.297140430555558,114.17606901666667,3.111,3,-307.9099851971416,-449.51519547486,-0.3843527759776748,-306.944695426051,-447.63425288905853,-3.1293041847092335,2.114173444458527,3.464749282350889,2.7449514087315587
1621218956.0,22.297140430555558,114.17606901666667,3.116,3,-307.90998543851947,-449.5151958296076,-0.37935277437716763,-306.9467401641025,-447.6345861809717,-3.129130162292497,2.1129444169757425,3.4678249368039635,2.7497773879153296
1621218957.0,22.29714042777778,114.17606901666667,3.121,3,-307.9099856860808,-449.5155037796234,-0.3743527955954846,-306.9452987410788,-447.63127500407404,-3.128939405329198,2.116822850515716,3.474001492657963,2.7545866097337135
1621218958.0,22.297140425000002,114.17606901666667,3.126,3,-307.90998593326066,-449.51581172888586,-0.36935281742316306,-306.9475369837709,-447.6327117632834,-3.129658595586015,2.11479868092119,3.4773066372963473,2.7603057781628517
1621218959.0,22.297140425000002,114.17606901666667,3.132,3,-307.909986223221,-449.51581215441047,-0.3633528169048077,-306.9448618081816,-447.6339676369091,-3.129764887648086,2.1149004526348274,3.4822176367523485,2.766412070743278
1621218960.0,22.297140422222224,114.17606901666667,3.14,3,-307.9099866148305,-449.516120316616,-0.35535284048711446,-306.9483362126417,-447.6343641550625,-3.129619103553217,2.113238686844082,3.487453375453392,2.7742662630661026
1621218961.0,22.297140419444446,114.17606901666667,3.148,2,-307.9099870067781,-449.516428478677,-0.34735286196740844,-306.94536326531363,-447.63328577330583,-3.1294609834341425,2.11582735859751,3.49526122212931,2.782108121466734
1621218962.0,22.297140416666668,114.17606901666667,3.157,2,-307.9099874472648,-449.51673671190986,-0.3383528835673246,-306.94358088488616,-447.6333093561509,-3.129809742464466,2.116894009682515,3.503351487263819,2.7914568588971416
1621218963.0,22.297140411111112,114.17606901666667,3.168,2,-307.90998799016376,-449.5173526824684,-0.32735292769572766,-306.9436135080614,-447.63484516351696,-3.130000384701702,2.1160610101240906,3.5117726245913814,2.8026474570059743
1621218964.0,22.297140402777778,114.17606901666667,3.193,2,-307.9099892150139,-449.51827723935617,-0.3023529933952318,-306.94628685891155,-447.63240468586275,-3.1294111258021284,2.117837935059488,3.532349813252505,2.8270581324068966
1621218965.0,22.297140308333336,114.17606901111111,3.285,2,-307.91056633786536,-449.5287419910271,-0.210353761888598,-306.94631179634587,-447.63270270912756,-3.1305679897777163,2.127146393492271,3.6128109438653464,2.9202142278891183
1621218966.0,22.297140255555558,114.17606861388889,3.343,2,-307.9515012941489,-449.53458960422216,-0.15235615091154386,-306.9954068923179,-447.6284785042733,-3.1312201905610375,2.1324577441442836,3.6634692570400844,2.9788640396494936
1621218967.0,22.297140447222223,114.17606604444445,3.371,2,-308.2162724251592,-449.5133622593595,-0.12436743031670972,-307.29575235501784,-447.5974402930823,-3.1363724944718565,2.1255856088138674,3.686500873035685,3.012005064155147
1621218968.0,22.2971411,114.17605959444445,3.378,2,-308.8809160942012,-449.4410646432513,-0.11739444589736081,-307.9991865073031,-447.51916171068046,-3.1658250700936175,2.1145112784366895,3.7099982772467084,3.0484306241962567
1621218969.0,22.297142536111114,114.17604668888889,3.375,2,-310.2107747805007,-449.28201112402627,-0.12044769049302317,-309.3237322087092,-447.36101534507986,-3.2051840385888606,2.1159086244212806,3.7406774311832875,3.0847363480958374
1621218970.0,22.29714323611111,114.176040275,3.36,2,-310.8716961624972,-449.2044828167229,-0.1354743641589664,-309.9753978356757,-447.291405106341,-3.2386845137214517,2.112632721658652,3.7540818117044896,3.1032101495624853
1621218971.0,22.297144236111112,114.17603132777778,3.341,3,-311.7936657729601,-449.0937286603918,-0.1545115047865977,-310.9542021591691,-447.18452830072897,-3.2750810727864272,2.0856042702813067,3.753358442907134,3.1205695679998295
1621218972.0,22.2971466,114.17601032777779,3.322,3,-313.9576191860293,-448.8319200709301,-0.17359907979519562,-313.26518677106174,-446.91460866114517,-3.348672828654571,2.038515560742501,3.7731470952091493,3.175073748859375
1621218973.0,22.297149713888892,114.1759749138889,3.302,2,-317.606859935608,-448.4870300913665,-0.1937552789198378,-317.0584914001772,-446.61014726304745,-3.4952026008966324,1.9553509152807615,3.837049859159646,3.3014473219767946
1621218974.0,22.297152008333335,114.1759244388889,3.263,2,-322.80808399862724,-448.23284645031896,-0.2329983111997933,-322.42892532809765,-446.3732523377033,-3.7327373747180412,1.897854462574123,3.981208996501954,3.499739063518248
1621218975.0,22.297154019444445,114.17586585833334,3.247,2,-328.844552222345,-448.0100198011144,-0.24929079683036548,-328.47554232255504,-446.2141479513077,-3.9999741061971217,1.8333913949484786,4.1747993118512285,3.750683309366756
1621218976.0,22.29715631388889,114.175808575,3.199,2,-334.74734473328544,-447.7558166942807,-0.2975797713770021,-334.3614295080947,-445.98429224553456,-4.2790320280002945,1.8130718224988795,4.374836168967944,3.9814522566232924
1621218977.0,22.297159683333334,114.17575202777778,3.159,2,-340.5742817137672,-447.38257413999077,-0.3378617733141027,-340.18937716897824,-445.6204281227896,-4.535322892016566,1.8036934591380063,4.568587302170788,4.1974611187024635
1621218978.0,22.29716576388889,114.17569379722222,3.168,2,-346.57467454074646,-446.70911584499686,-0.32913739207154435,-346.2288537506863,-444.97195313441546,-4.775353916835535,1.7712499264283244,4.786038830489857,4.44621652476399
1621218979.0,22.29717705277778,114.175634775,3.205,2,-352.6566331680005,-445.458913894403,-0.292382710729413,-352.3912595883842,-443.6963921453057,-4.9488190603850555,1.782387739185654,4.98591070228837,4.6564363496556425
1621218980.0,22.297202686111113,114.17557913888889,3.274,2,-358.389632039663,-442.62029693280743,-0.2235034532568534,-358.04213592758344,-440.7545631988586,-4.961456628597915,1.897818725248834,5.103911853238608,4.737953175341062
1621218981.0,22.297243716666667,114.1755310138889,3.31,2,-363.3486000360208,-438.0766920023023,-0.1874685431719456,-362.9075860493415,-436.16371729917375,-4.899804000097809,1.9631519429877453,5.104906562304275,4.712335456925864
1621218982.0,22.297298758333334,114.17549626111112,3.284,2,-366.9295764672711,-431.981602272518,-0.2132555284647708,-366.34647759700044,-430.01474351091156,-4.7209223594311425,2.0514720764901697,4.952534496559646,4.507666830966372
1621218983.0,22.297362513888892,114.17548078888889,3.222,2,-368.5237498417582,-424.92162956097775,-0.2748706348096732,-367.80304466931364,-423.0327744260718,-4.424509371336093,2.0216799119170568,4.615917168876575,4.14963873652642
1621218984.0,22.297430069444445,114.17548150277779,3.207,2,-368.45000878631413,-417.44090886998015,-0.28936977719521906,-367.7097309596586,-415.6422277596108,-3.996466060000173,1.9450616950208233,4.186386012711153,3.707096282804954
1621218985.0,22.297500947222225,114.17548998333334,3.175,2,-367.5759385871795,-409.5923218159023,-0.32080782864036905,-366.8757740263991,-407.7741955341104,-3.5315829239264285,1.9482847812153647,3.755647787163302,3.2107750952860594
1621218986.0,22.297577722222226,114.17550103333333,3.154,2,-366.4370851514029,-401.0907165000735,-0.3411991827135239,-365.82096346383344,-399.19954351492675,-3.0322666460672916,1.9890050763239144,3.3463390871164838,2.6910674633537677
1621218987.0,22.297660486111113,114.17551385833333,3.132,2,-365.1153119091291,-391.92593949697925,-0.36255066224916277,-364.5832260604733,-389.9664463894434,-2.4979412050219234,2.030450341382518,2.946628812555753,2.1353905427727606
1621218988.0,22.297748455555556,114.17552793333334,3.107,2,-363.6647200189031,-382.18473128504803,-0.38687356296645703,-363.2320538890733,-380.22352077165056,-1.9702193491539997,2.0083691537570156,2.5574460964799473,1.5833457861875426
1621218989.0,22.29783821388889,114.17554365555556,3.101,2,-362.0443881086751,-372.2454364946207,-0.3921904918437349,-361.6962784851489,-370.31934392534333,-1.438540684576409,1.9572973446610242,2.219428219440494,1.0463501927326742
1621218990.0,22.297924744444447,114.17556187777778,3.071,2,-360.1664523924111,-362.6635719707928,-0.42152927799618567,-359.89759763429777,-360.8633142027022,-0.9541642072865097,1.820222764534806,1.8965523669097144,0.5326349292903241
1621218991.0,22.298009041666667,114.175582125,3.048,2,-358.0798588507914,-353.3290191594899,-0.4438851441011167,-358.18927794424053,-352.7977308509272,-0.548804199133428,0.5424387567519784,0.5524923645947564,0.10491905503231136
1621218992.0,22.298096905555557,114.17560399722223,3.025,2,-355.82581067773225,-343.5995172836118,-0.46622468549432483,-356.06601925843836,-343.12851463160086,-0.08142884694272778,0.5287188860313142,0.6539201004808007,0.38479583855159705
1621218993.0,22.298191347222225,114.17562393333334,3.029,2,-353.77125670422106,-333.14162584526645,-0.46155271065894965,-354.1126047093185,-332.6766604553168,0.39038318586162335,0.576811298810133,1.0288372301852928,0.851935896520573
1621218994.0,22.298289744444446,114.17564311111111,3.001,2,-351.794836171231,-322.24571464679775,-0.48888068115495287,-352.25544415145225,-321.82157490764973,0.8305927537910027,0.6261423398621534,1.4605014122883042,1.3194734349459556
1621218995.0,22.29838661388889,114.1756607388889,2.98,2,-349.97814201784763,-311.51897742582054,-0.5092450383011027,-350.5548058275417,-311.18930569108534,1.2271667597963547,0.6642473952483434,1.85912628260327,1.7364117980974574
1621218996.0,22.298476519444446,114.17567585555555,2.96,2,-348.4202244144645,-301.563376065127,-0.5286787772989641,-349.0864276151224,-301.2895033166035,1.579036054408221,0.7203006226226892,2.227396417063896,2.107714831707185
1621218997.0,22.298552766666667,114.175688725,2.932,2,-347.0939063354786,-293.1202159662257,-0.556210806310176,-347.8261603978327,-292.8956495416827,1.852380744137165,0.7659151982211466,2.527437308372349,2.408591550447341
1621218998.0,22.298615069444445,114.17569949722223,2.914,2,-345.98373200960725,-286.2211807335463,-0.5738355343409296,-346.77255497183455,-286.0449346476686,2.0566600885570883,0.8082724469659163,2.7518741923659777,2.630495622898018
1621218999.0,22.298673325000003,114.17570763611111,2.884,2,-345.14491865529624,-279.77030548534486,-0.6035023745960899,-345.9617584027202,-279.62535570318244,2.2244660724472713,0.8296008753132837,2.9471415218467887,2.8279684470433613
1621219000.0,22.298729525000002,114.17571537500001,2.872,2,-344.3473298219331,-273.54705073175745,-0.61518791660761,-345.12579773600646,-273.02932024868255,2.4150880462293363,0.9349102343790537,3.1712189387196337,3.0302759628369462
1621219001.0,22.298787552777778,114.175724,2.845,2,-343.45842749186284,-267.1213994695119,-0.6418662253209817,-344.2555918618534,-266.57977787287007,2.574282403793831,0.9637556675482357,3.3574450094213657,3.2161486291148127
1621219002.0,22.298851994444448,114.17573391388889,2.83,2,-342.4366980816172,-259.98551359394384,-0.6565148903993787,-343.2616965141626,-259.4073876069831,2.749762687949677,1.007398665128046,3.5521231694952915,3.4062775783490555
1621219003.0,22.29891988888889,114.17574421944445,2.833,3,-341.37460313462145,-252.46728803247447,-0.6531543609491308,-342.25289042975567,-251.89422002515934,2.940658907444821,1.048711358669442,3.7436999508356337,3.593813268393952
1621219004.0,22.298986241666668,114.17575467777779,2.833,3,-340.29676990078184,-245.119778057083,-0.6528086713961585,-341.21383745694175,-244.59372440220574,3.1012672451887657,1.0572347659677304,3.9001065803197967,3.7540759165849242
1621219005.0,22.299052822222222,114.17576615,2.849,3,-339.11446252626797,-237.74704799227231,-0.636465173356882,-340.0700491549833,-237.2039157438009,3.25286501555663,1.099153512621917,4.041661510159295,3.889330188913512
1621219006.0,22.299120583333334,114.17577806666667,2.851,2,-337.8863552450429,-230.24359013818406,-0.6341232927412506,-338.8556105189625,-229.77276556111053,3.4170708117661204,1.0775581508194474,4.19205262858098,4.0511941045073705
1621219007.0,22.299187058333334,114.17578983611112,2.856,2,-336.67342278028616,-222.88254861486405,-0.6287963245135728,-337.70490907315104,-222.39922463472402,3.5368428591092536,1.1391075639054193,4.318577989371082,4.165639183622826
1621219008.0,22.299255366666667,114.17580143333333,2.873,2,-335.4782342072046,-215.3184939151808,-0.6114721649627626,-336.55833805738405,-214.7858950486751,3.653100805440016,1.2042781571446224,4.43135064056836,4.264572970402778
1621219009.0,22.29932467777778,114.17581242222222,2.886,2,-334.3457293476707,-207.64339556044845,-0.598156898707856,-335.4488982258174,-207.1370230359277,3.751082515307424,1.213834711688912,4.515448835688971,4.34923941401528
1621219010.0,22.299392905555557,114.17582339722223,2.905,2,-333.2146596492556,-200.0882594357791,-0.5788549728460453,-334.3677872446784,-199.59314898168412,3.849731863933617,1.2549253416357888,4.602957634388762,4.428586836779662
1621219011.0,22.299464097222224,114.17583516388889,2.951,2,-332.00200895098124,-192.20492126082019,-0.5325480479067011,-333.1842980876364,-191.67251424145377,3.9721569985536367,1.2966359693157894,4.6876041207133445,4.504705046460337
1621219012.0,22.299537800000003,114.17584947222223,2.967,2,-330.5274486614119,-184.04352114868607,-0.5162295058474626,-331.83176248245456,-184.03951455228193,4.047769098217056,1.3043199747675838,4.746718219410184,4.563998604064519
1621219013.0,22.299614686111113,114.17586707222223,2.976,2,-328.71369599214773,-175.52962328355335,-0.5068945606619906,-330.0837643320656,-175.50268434398254,4.111586613907541,1.370333157487789,4.817487033959055,4.618481174569531
1621219014.0,22.29969510277778,114.17588960833334,2.992,2,-326.3913016999545,-166.62478204531527,-0.4905352392822877,-327.8029860096509,-166.58389800976715,4.174480212710318,1.4122762104509494,4.87410435484669,4.6650154519926055
1621219015.0,22.299779375,114.17591545555555,2.991,2,-323.7277109630987,-157.2930044060896,-0.49116134345148765,-325.20715864778015,-157.2718941487506,4.20697595096232,1.4795982882776986,4.925617233589735,4.698137294413808
1621219016.0,22.299866341666668,114.17594334444445,3.034,2,-320.85373859856224,-147.6628639099668,-0.4477847516404623,-322.4055089752534,-147.63257275166822,4.274470233386154,1.5520659960991436,4.97077468810003,4.722254985026616
1621219017.0,22.29995126111111,114.17597046666667,3.029,2,-318.05877211304545,-138.25941790554833,-0.45243294412528456,-319.70900593458896,-138.21550544168545,4.264445456498191,1.6508179700526047,4.997413512660012,4.716878400623475
1621219018.0,22.30003286388889,114.17599639722222,3.04,2,-315.3866108328792,-129.22323823222447,-0.4411098383221841,-317.11320035616006,-129.14878779557904,4.256427073637834,1.7281939270289781,5.005347868894499,4.697536911960018
1621219019.0,22.300111905555557,114.17602154444445,3.07,2,-312.79517669844546,-120.47065981241414,-0.4108100555234202,-314.59614232542174,-120.40466619382076,4.214409421451496,1.8021743387489206,4.963918568775401,4.625219476974916
1621219020.0,22.300186297222222,114.17604547500001,3.07,2,-310.32912380670984,-112.23299272029826,-0.4105385820117533,-312.20477440446393,-112.16573405158086,4.150258335554437,1.8768561195181972,4.931881731819424,4.56079691756619
1621219021.0,22.300251316666667,114.17606936944445,3.093,2,-307.8668161837031,-105.03315287467592,-0.3872960343245211,-309.78926439154793,-104.98492933502976,4.094532428648211,1.9230529430105983,4.876978469619714,4.481828462972732
1621219022.0,22.300301966666666,114.17608691111111,3.141,2,-306.0591549324225,-99.42449188993581,-0.3391187082888223,-308.04729608832565,-99.41008131832848,4.068926308130777,1.988193381029642,4.835677179791031,4.4080450164195994
1621219023.0,22.300335180555557,114.1760975388889,3.18,2,-304.9639625851428,-95.74659385249198,-0.3000097038717229,-306.98345502316647,-95.77639670585694,4.040530316432484,2.01971233528529,4.7874341337679,4.340540020304207
1621219024.0,22.30035376388889,114.1761034,3.214,2,-304.3599754045946,-93.68879185456964,-0.26595014689218743,-306.40081174018803,-93.75207558739372,4.012370774907421,2.0418172737829914,4.740574615953941,4.278320921799608
1621219025.0,22.300361333333335,114.17610580555557,3.255,2,-304.1120844927303,-92.85059938181303,-0.22492600685204422,-306.1650815093176,-92.93591688091965,4.005781679265791,2.0547690443867928,4.7032928200513675,4.230707686117835
1621219026.0,22.300362283333335,114.17610610833334,3.3,2,-304.08088534779984,-92.74540296493711,-0.17992298166627307,-306.13242832133767,-92.83429015505801,4.005546616751964,2.0534676780607115,4.662068775138712,4.185469598418237
1621219027.0,22.30036226111111,114.17610615000001,3.35,2,-304.0765943060435,-92.74786454407024,-0.12992281331428046,-306.13173527959,-92.83309546556418,4.005551530945677,2.056907565042315,4.618767885828496,4.135474344259958
1621219028.0,22.30036224166667,114.17610625,3.42,2,-304.0662933514603,-92.7500189380552,-0.05992235372693244,-306.13241272603034,-92.83337108128107,4.004986609449354,2.067800002358579,4.560622954012429,4.064908963176286
1621219029.0,22.300362225,114.17610636666667,3.52,2,-304.05427642859183,-92.75186620869925,0.040078193082806024,-306.13422719310415,-92.83355749665333,4.005031157704259,2.0815543829847383,4.47813807971387,3.964952964621453
1621219030.0,22.300362205555555,114.17610636666667,3.522,2,-304.05427656621504,-92.75401940707812,0.04207816045316548,-306.13330299877987,-92.83448560314923,4.005163393036938,2.0805830231003526,4.476032872615769,3.963085232583772
1621219031.0,22.30036218888889,114.17610636944445,3.52,2,-304.05399027495037,-92.75586495691826,0.04007814718374192,-306.13152185465685,-92.83407267378425,4.004842768719968,2.0790031052538436,4.476785947065196,3.9647646215362258
1621219032.0,22.300362177777778,114.17610636944445,3.518,2,-304.0539902033603,-92.75709530965091,0.0380781303988158,-306.13082500596704,-92.8324893072407,4.002244863738607,2.078202841926458,4.475884822234491,3.964166733339791
1621219033.0,22.300362169444444,114.17610636944445,3.516,2,-304.0539901259422,-92.75801806740574,0.03607811627958313,-306.1302127146623,-92.83508863719622,4.004583549083037,2.0776525481031283,4.4794726788797306,3.968505432803454
1621219034.0,22.300362169444444,114.17610636944445,3.514,2,-304.0539900312047,-92.75801803821504,0.03407811752323653,-306.13234577469905,-92.83406325685853,4.004597903275975,2.0797464921942903,4.482228557408517,3.970519785752739
1621219035.0,22.300362180555556,114.17610636944445,3.512,2,-304.05398991132574,-92.75678762670933,0.03207813461349929,-306.1311183217689,-92.83601067172057,4.004227537700697,2.078638670940899,4.483158440739846,3.9721494030871973
1621219036.0,22.300362186111112,114.17610637222222,3.511,2,-304.0537036211782,-92.75617242647243,0.03107815599359043,-306.13226519110265,-92.83318426734608,4.004280998367513,2.0799877460219487,4.484717365704296,3.9732028423739223
1621219037.0,22.30036218888889,114.17610640277778,3.513,2,-304.0505551643918,-92.7558649216831,0.033078311043297504,-306.1323358791898,-92.83480836244536,4.002793297018808,2.0832769886273117,4.483155148020491,3.9697149859755108
1621219038.0,22.300362180555556,114.17610648888889,3.539,2,-304.0416832451146,-92.75678826206635,0.0590787208221073,-306.1314246266396,-92.83587215382893,4.003737771307534,2.0912372662121337,4.464706970022892,3.944659050485427
1621219039.0,22.300362161111114,114.17610660277778,3.561,2,-304.0299488443038,-92.75894198170772,0.08107924844728842,-306.1299523750639,-92.83402817388507,4.0057459805258055,2.1013454655197807,4.451815553607809,3.924666732078517
1621219040.0,22.300362097222223,114.17610678333334,3.572,2,-304.0113444586845,-92.76601720458173,0.09208003032404832,-306.12995793300183,-92.83344672887877,4.004859292410401,2.119686249025045,4.450046218649745,3.912779262086353
1621219041.0,22.30036270277778,114.17610731111111,3.571,2,-303.95695911636705,-92.69896241497551,0.09108360144544037,-306.10342545960646,-92.73746526319201,4.000577127286977,2.146811643340037,4.460150206055536,3.909493525841537
1621219042.0,22.30036897777778,114.17611003611111,3.564,2,-303.6761521181684,-92.00410937181933,0.08410708568147385,-305.86233556140826,-91.9245802086849,3.9859204618169675,2.187629524230521,4.473239380748018,3.9018133761354936
1621219043.0,22.300387538888888,114.17611641388889,3.558,2,-303.01892430723905,-89.94876840566664,0.07816780126210077,-305.2978944519148,-89.92663587381207,3.9648663301216307,2.2790776137046294,4.505620958705739,3.88669852885953
1621219044.0,22.30041708611111,114.17612599722223,3.545,2,-302.0313616758813,-86.67689319107089,0.06526016163563853,-304.35195600193447,-86.58235137309363,3.91944058680182,2.3225193608356576,4.499866990388787,3.8541804251661813
1621219045.0,22.300456633333333,114.17613843611112,3.53,2,-300.7495321584971,-82.2976794715499,0.05037901938822742,-303.1294886726564,-82.1779748742704,3.8411595244973467,2.382965001820019,4.4775594957314,3.7907805051091192
1621219046.0,22.300504427777778,114.17615288611111,3.525,2,-299.2604548654011,-77.00521845803499,0.04551546937987183,-301.6984131494728,-76.87542140207205,3.753582744407535,2.4414110408963507,4.439622820324006,3.708067275027663
1621219047.0,22.30055697222222,114.17616950555556,3.513,2,-297.547821701761,-71.186773020684,0.03366350768564885,-300.054046816379,-71.0542115845121,3.658461009114078,2.5097284433782985,4.408842681006416,3.624797501428429
1621219048.0,22.300615694444446,114.17618820555556,3.508,2,-295.62079013734217,-64.68423893164454,0.02882269794687531,-298.186888214692,-64.54288552871478,3.537208735092357,2.569988351549127,4.348978352755458,3.5083860371454816
1621219049.0,22.30068040277778,114.17621082222223,3.465,2,-293.2901604266024,-57.51884333374895,-0.014000751877048856,-295.96191104282343,-57.40671091529703,3.3807463602777053,2.6741026596870197,4.321473474409884,3.394747112154754
1621219050.0,22.300750333333333,114.17623500833334,3.425,2,-290.7978018691672,-49.775170762474296,-0.053821208037426516,-293.55967946248893,-49.676773797802426,3.2057831949194875,2.7636298238275936,4.27348460473715,3.259604402956914
1621219051.0,22.30082501111111,114.17626068055556,3.383,2,-288.1523026469915,-41.50581977717403,-0.09564171288870682,-290.9996394965675,-41.421927787472654,3.008071063626709,2.848572449647306,4.212766074682368,3.1037127765154158
1621219052.0,22.300904197222224,114.17628808333333,3.347,2,-285.32847584601325,-32.737244030801946,-0.1314635211848394,-288.2767471275391,-32.667862129216644,2.780920828019458,2.949087553420181,4.144767785440816,2.9123843492042973
1621219053.0,22.300987636111113,114.17631726388889,3.326,2,-282.32145703397885,-23.49774230973918,-0.15228882603530103,-285.35639489079176,-23.432301146802345,2.527648928526379,3.0356433157607148,4.049345219766747,2.67993775456168
1621219054.0,22.301074025000002,114.17634940833334,3.312,2,-279.0090288010648,-13.93157894353261,-0.16611491911894838,-282.1536688226099,-13.880938464138548,2.260791674216595,3.145047745783285,3.9725559701572557,2.4269065933355436
1621219055.0,22.301162644444446,114.17638064166667,3.304,2,-275.79048393125186,-4.118413885359146,-0.17396104578257754,-279.0357673529812,-4.073917098859795,1.9546756735449837,3.2455884599499436,3.881357846711618,2.1286367193275613
1621219056.0,22.30125335,114.17641090555556,3.3,2,-272.6718334097032,5.925757975140778,-0.17782845243297807,-276.0025597378292,5.975702840569257,1.6158418301095492,3.331100773386226,3.783316725431602,1.7936702825425273
1621219057.0,22.301343644444444,114.17644193611112,3.28,2,-269.47418769064745,15.924405001098757,-0.1977098347298849,-272.90918718013927,15.92281679133212,1.2310476049634507,3.4349998566549163,3.7202919020821943,1.4287574396933356
1621219058.0,22.301432419444446,114.17647334444445,3.281,2,-266.2376226714573,25.754797353803678,-0.1966062664527275,-269.7531125589437,25.776316894460752,0.8591994635588347,3.5155557511792224,3.67067541185196,1.0558057300115622
1621219059.0,22.301520533333335,114.17650395555556,3.276,2,-263.0832104893903,35.51198408883997,-0.20152254924239443,-266.6969591900413,35.51326702115619,0.4571416202423664,3.613748928380627,3.673284607205815,0.6586641694847608
1621219060.0,22.301607769444445,114.17653401111112,3.278,2,-259.986049968684,45.17197234433598,-0.19945703357984534,-263.6878228516938,45.19382677069524,0.03862719517400359,3.701837394232539,3.709485704692723,0.23808422875384894
1621219061.0,22.30169261111111,114.17656329722223,3.273,2,-256.9681827588128,54.566815151856005,-0.20440863519305097,-260.7592843760016,54.57665289440065,-0.3865942646628979,3.7911143814226436,3.7954894093667177,0.18218562946984695
1621219062.0,22.301773119444444,114.17659108611112,3.274,2,-254.10460449223427,63.48181203465225,-0.203376899671607,-257.9913812340327,63.46990597310658,-0.808090446193416,3.8867949772128108,3.933554838594947,0.604713546521809
1621219063.0,22.301846802777778,114.17661651944445,3.279,2,-251.48376360630994,71.64105104820133,-0.19835995924265504,-255.44717502066945,71.61148408284345,-1.2115638254222545,3.9635216972934244,4.090976206158749,1.0132038661795995
1621219064.0,22.301912936111112,114.17664028055556,3.279,2,-249.0352480966768,78.96424836563514,-0.19835085042912226,-253.0842669970223,78.90732025049353,-1.5982863516586412,4.049419077552798,4.284578657610489,1.399935501229519
1621219065.0,22.301973122222222,114.17666130555556,3.285,2,-246.86868034733294,85.62888843319914,-0.19235311223612683,-250.99223395296448,85.5604731016422,-1.9693909880181741,4.124121118021262,4.490683534616185,1.7770378757820473
1621219066.0,22.302025858333334,114.17667933888889,3.315,2,-245.01039601058093,91.4685625717018,-0.16236299250832076,-249.201858988054,91.36221085500081,-2.250267276181112,4.192812013335755,4.683910425803616,2.0879042836727915
1621219067.0,22.30206850277778,114.17669393888889,3.343,2,-243.50590826652464,96.19074757614045,-0.13437524116216082,-247.7509765861389,96.04996299236899,-2.513688439072769,4.2474021868926375,4.8684244505765895,2.379313197910608
1621219068.0,22.302100669444446,114.17670526944445,3.353,2,-242.33832908611242,99.75268699571143,-0.1243857951396592,-246.63595412101637,99.56309882222165,-2.7253539252972607,4.3018048091656045,5.026983173858438,2.6009681301576015
1621219069.0,22.302122519444445,114.17671320000001,3.377,2,-241.52111163316405,102.17222197864952,-0.10039331543018193,-245.8614523881304,101.94728597581214,-2.851088330869643,4.346165444917428,5.143488810385205,2.750695015439461
1621219070.0,22.30213936388889,114.17671930277778,3.404,2,-240.89224105879458,104.03747264445225,-0.07339985631364954,-245.26017462434396,103.81342549908926,-2.950567256059967,4.373675886070916,5.235182232029865,2.8771673997463174
1621219071.0,22.302151944444446,114.17672389444445,3.42,2,-240.41908545728393,105.43056626194627,-0.057405008115928524,-244.81656261803943,105.18124155458416,-3.0256156027028847,4.4045394979574715,5.311331501882151,2.968210594586956
1621219072.0,22.302160097222224,114.17672680555556,3.434,2,-240.11910526501484,106.33335508057633,-0.04340877863149473,-244.5357713904306,106.06588017842215,-3.0785341184981294,4.424757901476355,5.365675010227324,3.0351253398666347
1621219073.0,22.302163922222224,114.17672826111112,3.447,2,-239.9691158357399,106.75691218994166,-0.030410250500501945,-244.40063352453487,106.48189575689013,-3.100784282791705,4.440043137690341,5.398257104169756,3.070374032291203
1621219074.0,22.30216431388889,114.17672848333333,3.458,2,-239.94621735515736,106.80028300811844,-0.01941011899218381,-244.3879888089386,106.51508210685628,-3.1042012092488505,4.45091824253227,5.415404811483023,3.0847910902566666
1621219075.0,22.302164277777777,114.17672853055556,3.463,2,-239.94135173123303,106.79628427341072,-0.0144098683863092,-244.38580424496422,106.51943787931786,-3.10468157942347,4.453066591994076,5.420293471830679,3.0902717110371607
1621219076.0,22.30216405277778,114.17672855277779,3.468,2,-239.939062480066,106.77136907569641,-0.00940936469003617,-244.38591870757412,106.51946698284073,-3.1057066317615916,4.453985291007673,5.424485389286941,3.0962972670715554
1621219077.0,22.30216403611111,114.1767285638889,3.49,2,-239.93791842383246,106.76952385437866,0.012590710563777918,-244.38577522381584,106.52034688958531,-3.1045431810613215,4.454831003858851,5.43709876416273,3.1171338916250995
1621219078.0,22.30216403611111,114.1767285638889,3.488,2,-239.9379183485668,106.769523820162,0.01059071055738059,-244.38576296546813,106.52014194612082,-3.105006683930007,4.4548303059935375,5.436217451476263,3.1155973944873874
1621219079.0,22.30216403611111,114.1767285638889,3.488,2,-239.9379183485668,106.769523820162,0.01059071055738059,-244.38531294399093,106.51918498360128,-3.104597787358546,4.454434669012255,5.435658892723679,3.1151884979159266
1621219080.0,22.30216403611111,114.1767285638889,3.488,2,-239.9379183485668,106.769523820162,0.01059071055738059,-244.38503858381904,106.51993824930467,-3.1051691272540167,4.454118469907388,5.435727247654047,3.1157598378113973
1621219081.0,22.30216403611111,114.1767285638889,3.488,2,-239.9379183485668,106.769523820162,0.01059071055738059,-244.3865294256056,106.51891397666385,-3.1053336791447506,4.4556644631761175,5.437088431389646,3.115924389702131
1621219082.0,22.30216403611111,114.1767285638889,3.489,2,-239.9379183860089,106.76952383764696,0.011590710255894976,-244.3855082363932,106.51829994342344,-3.1048743352951127,4.454679441022699,5.43659114725501,3.1164650455510077
1621219083.0,22.302164033333334,114.17672856944445,3.493,2,-239.93734608802094,106.76921629968517,0.015590737893788287,-244.3864176611306,106.51896230463143,-3.1045995530590704,4.456104231803013,5.4398945188715935,3.1201902909528587
1621219084.0,22.30216409166667,114.17672858333334,3.49,2,-239.93591473525765,106.77567573640482,0.012590682681086207,-244.3818355445078,106.52647782375735,-3.1053742178400063,4.452899217565032,5.4359926933976634,3.1179649005210925
1621219085.0,22.302164497222222,114.17672869722223,3.495,2,-239.92417888899257,106.82058460403886,0.017590367198579315,-244.36795055930423,106.57721315689997,-3.1102962628221795,4.4504310262206035,5.439670126892769,3.127886630020759
1621219086.0,22.302166622222224,114.17672939444445,3.495,2,-239.85233207710186,107.0558941679832,0.017589102341013074,-244.28546763768867,106.82690337502433,-3.121985556203638,4.439045807580636,5.437100028358406,3.139574658544651
1621219087.0,22.302168297222224,114.17672991111111,3.487,2,-239.79909054408154,107.24137338813483,0.009587970563693204,-244.2298955445147,107.01527148537554,-3.1332409085297583,4.4365701867878675,5.436959479852571,3.1428288790934515
1621219088.0,22.302169783333333,114.17673036666667,3.475,2,-239.75214619384053,107.40593613302218,-0.002413047552479952,-244.1706738476181,107.19941147675404,-3.142086796886399,4.423351564237668,5.424351603012137,3.139673749333919
1621219089.0,22.302172433333332,114.17673125,3.457,2,-239.66112055245446,107.69938067298989,-0.020414601996492365,-244.07066566860308,107.51318505697805,-3.165390904131564,4.4134744746936265,5.419375690959557,3.144976302135072
1621219090.0,22.302178197222222,114.17673323611112,3.437,2,-239.45645709450102,108.33763814893119,-0.04041778606277546,-243.8512522083288,108.19339159600548,-3.2028205995058996,4.39716171644339,5.416255414493334,3.162402813443124
1621219091.0,22.302187725,114.17673661666667,3.413,2,-239.10810075135248,109.39268544597324,-0.06442282768723118,-243.48688669069878,109.30985828648328,-3.2751261418779776,4.379569230068871,5.430399839120642,3.2107033141907464
1621219092.0,22.302205058333335,114.17674278055556,3.391,2,-238.47293107337345,111.31207214329683,-0.08643244340035494,-242.83274339040884,111.31874458340279,-3.383212289319793,4.3598174229238635,5.465964262021027,3.296779845919438
1621219093.0,22.302231205555557,114.17675233333334,3.363,2,-237.4885486355183,114.20745439609067,-0.11444718989562119,-241.82436521990581,114.31208734172732,-3.575963007941066,4.337078914057527,5.549085083627863,3.4615158180454446
1621219094.0,22.30226675277778,114.17676552777779,3.35,2,-236.12890690542469,118.14373493614794,-0.12746881050625092,-240.4494665790229,118.345187988197,-3.801373902946279,4.325253660226526,5.6749799870624855,3.673905092440028
1621219095.0,22.302311619444446,114.17678233055555,3.33,2,-234.39744049160547,123.111993248016,-0.14749943319781522,-238.714175956226,123.38745496753474,-4.1008759731871365,4.325515487249223,5.8599718683088255,3.9533765399893213
1621219096.0,22.30236392777778,114.17680257222223,3.302,2,-232.31161304034927,128.90429503040042,-0.17553819496207268,-236.6076478312123,129.25496699300052,-4.456423408338393,4.310323160699121,6.074937362620564,4.280885213376321
1621219097.0,22.30242236388889,114.17682618333333,3.299,2,-229.8785843164706,135.37514847712546,-0.17858485253984924,-234.15101522793518,135.80729776859036,-4.832930016384243,4.294230886125194,6.332720411288759,4.654345163844393
1621219098.0,22.302485755555555,114.17685322222222,3.283,2,-227.09234481232167,142.39474753422792,-0.19463874903438239,-231.3762400040366,142.85646783054227,-5.2685935005255295,4.308705564972712,6.656572726697005,5.073954751491147
1621219099.0,22.302552819444447,114.17688257500001,3.298,2,-224.06767594932987,149.82098585966065,-0.17970284173319584,-228.35270982538006,150.31882357744502,-5.710101565576615,4.313856477926274,7.013891056812573,5.530398723843419
1621219100.0,22.302622344444444,114.17691381388889,3.317,1,-220.84865817158712,157.51975195871913,-0.16077709120885686,-226.85872620856802,153.92472772172925,-5.924661219848538,7.003221906642972,9.070142078383803,5.763884128639681
